week,weekly_mileage,distance,easy_days,easy_mileage
1,21.2,13.6,2,3.8
2,31.8,16.45,3,5.116666666666667
3,42.3,19.3,4,5.749999999999999
4,52.9,24.4,4,7.125
5,63.5,27.25,5,7.25
6,63.5,25.7,5,7.56
7,63.5,27.8,5,7.140000000000001
8,63.5,30.25,5,6.65
9,31.7,15.6,3,5.366666666666667
10,63.5,27.65,5,7.17
11,63.5,27.9,5,7.12
12,54.0,24.5,4,7.375
13,41.3,19.55,4,5.437499999999999
14,19.0,30.7,3,-3.9
